{"cameraMode":{"drawMode":0,"name":"Shaded","section":"Shading Mode"},"sceneLighting":true,"audioPlay":false,"sceneViewState":{"showFog":true,"showMaterialUpdate":false,"showSkybox":true,"showFlares":true,"showImageEffects":true,"showParticleSystems":true},"in2DMode":false,"pivot":{"x":1.1830825805664063,"y":4.26547908782959,"z":-6.440295219421387},"rotation":{"x":0.03590685501694679,"y":-0.8197978734970093,"z":0.05171560123562813,"w":0.569195032119751},"size":11.665806770324707,"orthographic":true}